date,sunrise,sunset,sunshine_duration,uv_index_max,apparent_temperature_mean,uv_index_clear_sky_max,rain_sum,wind_speed_10m_max,temperature_2m_max,temperature_2m_min,apparent_temperature_max,apparent_temperature_min
2024-01-01,2024-01-01T09:45,2024-01-01T17:46,19969.37,,1.6,,1.4,37.0,9.0,6.0,3.8,0.1
2024-01-02,2024-01-02T09:44,2024-01-02T17:47,0.0,,5.4,,24.3,41.1,11.9,7.7,7.6,2.6
2024-01-03,2024-01-03T09:44,2024-01-03T17:48,11630.46,,3.9,,6.5,37.0,10.3,7.9,5.5,3.0
2024-01-04,2024-01-04T09:44,2024-01-04T17:50,21527.18,,4.1,,2.5,24.8,9.2,7.0,5.3,2.8
2024-01-05,2024-01-05T09:44,2024-01-05T17:51,0.0,,2.1,,5.1,36.9,9.8,6.3,5.3,0.5
2024-01-06,2024-01-06T09:44,2024-01-06T17:52,0.0,,1.5,,2.6,17.0,6.7,3.1,3.5,-1.0
2024-01-07,2024-01-07T09:43,2024-01-07T17:53,0.0,,-4.0,,0.0,21.4,3.0,-2.3,-0.9,-8.1
2024-01-08,2024-01-08T09:43,2024-01-08T17:54,6427.57,,-8.9,,0.0,26.0,-0.9,-4.2,-7.2,-10.5
2024-01-09,2024-01-09T09:42,2024-01-09T17:56,24687.24,,-9.9,,0.0,21.4,-0.6,-5.5,-7.1,-11.6
2024-01-10,2024-01-10T09:42,2024-01-10T17:57,24427.49,,-9.2,,0.0,15.1,-0.3,-5.9,-5.6,-11.1
2024-01-11,2024-01-11T09:41,2024-01-11T17:58,24911.95,,-7.5,,0.0,13.9,0.3,-6.1,-3.0,-10.9
2024-01-12,2024-01-12T09:41,2024-01-12T18:00,9292.42,,-2.0,,0.0,8.9,3.7,-1.0,1.1,-4.2
2024-01-13,2024-01-13T09:40,2024-01-13T18:01,0.0,,-2.6,,0.1,19.3,3.2,1.2,-1.1,-3.6
2024-01-14,2024-01-14T09:39,2024-01-14T18:03,0.0,,-4.5,,0.0,21.4,1.4,-0.3,-3.2,-5.5
2024-01-15,2024-01-15T09:39,2024-01-15T18:04,20948.27,,-4.3,,0.2,28.7,2.9,-0.4,-3.6,-5.1
2024-01-16,2024-01-16T09:38,2024-01-16T18:06,19591.44,,-6.1,,0.0,15.8,1.6,-2.9,-2.7,-8.0
2024-01-17,2024-01-17T09:37,2024-01-17T18:07,0.0,,-6.2,,0.0,14.3,-0.3,-3.1,-4.4,-7.5
2024-01-18,2024-01-18T09:36,2024-01-18T18:09,26035.19,,-6.2,,0.0,11.9,1.3,-6.2,-2.1,-10.7
2024-01-19,2024-01-19T09:35,2024-01-19T18:10,26212.36,,-6.6,,0.0,16.5,1.2,-4.5,-3.0,-8.6
2024-01-20,2024-01-20T09:34,2024-01-20T18:12,21912.68,,-8.1,,0.0,19.1,-0.4,-4.6,-5.4,-10.1
2024-01-21,2024-01-21T09:33,2024-01-21T18:14,7469.99,,-4.2,,0.2,37.2,6.6,-1.7,0.1,-7.9
2024-01-22,2024-01-22T09:32,2024-01-22T18:15,16640.47,,2.8,,3.3,45.5,10.6,7.1,5.1,0.2
2024-01-23,2024-01-23T09:31,2024-01-23T18:17,6609.12,,1.9,,3.5,37.2,12.1,3.3,6.9,-1.0
2024-01-24,2024-01-24T09:30,2024-01-24T18:19,20559.28,,5.6,,0.8,42.7,12.9,8.6,7.7,4.4
2024-01-25,2024-01-25T09:28,2024-01-25T18:20,0.0,,4.3,,0.6,19.9,10.3,3.5,7.3,0.6
2024-01-26,2024-01-26T09:27,2024-01-26T18:22,20697.01,,4.1,,2.3,32.7,11.4,2.2,7.2,-1.4
2024-01-27,2024-01-27T09:26,2024-01-27T18:24,24951.5,,-0.9,,0.0,15.1,6.8,0.4,3.5,-3.5
2024-01-28,2024-01-28T09:24,2024-01-28T18:25,27970.01,,1.4,,0.0,17.3,12.4,0.7,8.4,-3.4
2024-01-29,2024-01-29T09:23,2024-01-29T18:27,21534.23,,4.7,,0.0,17.9,11.9,5.4,8.7,1.6
2024-01-30,2024-01-30T09:22,2024-01-30T18:29,9849.37,,5.5,,0.0,25.0,10.8,7.3,7.2,4.3
2024-01-31,2024-01-31T09:20,2024-01-31T18:31,23938.53,,3.0,,0.2,25.5,7.8,4.9,5.0,1.2
2024-02-01,2024-02-01T09:19,2024-02-01T18:32,28362.92,,3.9,,4.5,27.1,9.4,2.4,6.9,-0.9
2024-02-02,2024-02-02T09:17,2024-02-02T18:34,5329.33,,1.7,,0.0,27.8,9.3,2.3,5.3,-2.0
2024-02-03,2024-02-03T09:16,2024-02-03T18:36,0.0,,6.3,,0.4,25.2,11.0,8.4,7.8,4.7
2024-02-04,2024-02-04T09:14,2024-02-04T18:38,0.0,,6.1,,1.2,29.0,11.1,9.6,7.0,5.2
2024-02-05,2024-02-05T09:13,2024-02-05T18:39,16342.67,,3.9,,0.0,34.5,10.4,8.3,6.2,2.7
2024-02-06,2024-02-06T09:11,2024-02-06T18:41,69.51,,4.6,,0.7,34.7,11.3,8.4,6.0,3.4
2024-02-07,2024-02-07T09:10,2024-02-07T18:43,0.0,,2.4,,20.9,35.9,10.9,3.8,6.9,0.2
2024-02-08,2024-02-08T09:08,2024-02-08T18:45,0.0,,3.1,,10.0,32.5,12.0,1.8,7.8,-0.8
2024-02-09,2024-02-09T09:06,2024-02-09T18:46,27574.35,,7.3,,4.7,32.1,13.7,10.0,9.5,5.6
2024-02-10,2024-02-10T09:04,2024-02-10T18:48,12615.76,,7.9,,2.8,19.4,12.9,7.8,11.5,5.4
2024-02-11,2024-02-11T09:03,2024-02-11T18:50,20248.87,,5.8,,4.8,19.9,10.3,6.8,7.9,4.2
2024-02-12,2024-02-12T09:01,2024-02-12T18:52,30029.23,,2.9,,0.1,18.9,9.6,3.0,5.7,-0.2
2024-02-13,2024-02-13T08:59,2024-02-13T18:54,22814.89,,1.7,,0.1,27.2,10.1,2.7,5.3,-1.6
2024-02-14,2024-02-14T08:57,2024-02-14T18:55,208.0,,7.0,,2.6,28.3,12.4,8.6,9.3,3.6
2024-02-15,2024-02-15T08:55,2024-02-15T18:57,23972.9,,10.2,,0.5,21.4,16.7,10.5,14.4,7.8
2024-02-16,2024-02-16T08:53,2024-02-16T18:59,4000.78,,9.4,,3.3,23.4,13.6,8.8,10.8,6.2
2024-02-17,2024-02-17T08:51,2024-02-17T19:01,19624.12,,7.6,,0.0,15.5,13.1,7.6,10.0,5.2
2024-02-18,2024-02-18T08:49,2024-02-18T19:03,0.0,,5.4,,7.6,32.1,11.5,8.2,8.3,3.0
2024-02-19,2024-02-19T08:48,2024-02-19T19:04,7838.43,,5.7,,1.0,28.0,10.3,6.3,6.7,4.0
2024-02-20,2024-02-20T08:46,2024-02-20T19:06,11422.86,,3.8,,0.2,26.5,10.5,4.9,6.2,1.7
2024-02-21,2024-02-21T08:44,2024-02-21T19:08,0.0,,4.4,,7.6,37.6,10.8,7.7,5.5,3.6
2024-02-22,2024-02-22T08:42,2024-02-22T19:10,4203.19,,6.2,,8.5,49.1,14.2,6.5,9.8,-0.6
2024-02-23,2024-02-23T08:40,2024-02-23T19:11,20337.15,,-0.2,,3.7,37.6,8.1,3.6,2.9,-2.6
2024-02-24,2024-02-24T08:38,2024-02-24T19:13,19715.31,,-0.0,,1.7,26.2,7.3,2.8,2.4,-1.5
2024-02-25,2024-02-25T08:36,2024-02-25T19:15,30991.22,,2.4,,0.5,23.8,10.4,4.3,6.1,-0.9
2024-02-26,2024-02-26T08:34,2024-02-26T19:17,0.0,,0.4,,16.6,28.0,6.6,4.7,1.8,-0.8
2024-02-27,2024-02-27T08:32,2024-02-27T19:18,31355.79,,1.3,,0.1,22.3,9.3,2.2,6.0,-1.9
2024-02-28,2024-02-28T08:29,2024-02-28T19:20,12453.37,,1.7,,0.0,19.6,9.7,0.2,5.9,-3.1
2024-02-29,2024-02-29T08:27,2024-02-29T19:22,0.0,,3.6,,6.4,24.8,9.2,6.0,5.1,1.5
2024-03-01,2024-03-01T08:25,2024-03-01T19:24,19240.38,,2.9,,8.6,40.3,9.7,4.0,5.6,0.0
2024-03-02,2024-03-02T08:23,2024-03-02T19:25,17253.25,,3.7,,7.7,36.5,11.8,4.4,7.8,-0.1
2024-03-03,2024-03-03T08:21,2024-03-03T19:27,8347.72,,5.0,,6.1,24.1,9.9,5.8,8.3,2.7
2024-03-04,2024-03-04T08:19,2024-03-04T19:29,35830.96,,3.9,,0.1,13.9,10.7,3.5,8.6,0.5
2024-03-05,2024-03-05T08:17,2024-03-05T19:30,8552.57,,3.0,,1.5,11.9,9.2,2.8,7.0,-0.4
2024-03-06,2024-03-06T08:14,2024-03-06T19:32,35955.74,,2.9,,0.1,9.4,10.9,1.7,8.6,-1.4
2024-03-07,2024-03-07T08:12,2024-03-07T19:34,34395.72,,2.0,,0.0,20.4,10.3,2.1,6.3,-1.3
2024-03-08,2024-03-08T08:10,2024-03-08T19:35,36558.61,,1.6,,0.0,23.4,12.3,1.3,7.4,-3.6
2024-03-09,2024-03-09T08:08,2024-03-09T19:37,25697.89,,5.9,,0.4,27.1,14.8,5.7,9.6,1.9
2024-03-10,2024-03-10T08:06,2024-03-10T19:39,7200.0,,7.0,,5.2,16.6,11.5,7.0,9.5,4.8
2024-03-11,2024-03-11T08:03,2024-03-11T19:41,0.0,,5.2,,19.5,15.3,8.4,7.2,6.4,4.2
2024-03-12,2024-03-12T08:01,2024-03-12T19:42,1264.64,,4.8,,8.0,21.2,10.7,6.0,7.8,3.1
2024-03-13,2024-03-13T07:59,2024-03-13T19:44,1916.69,,8.3,,2.3,23.7,13.4,10.1,10.4,7.1
2024-03-14,2024-03-14T07:57,2024-03-14T19:46,30512.2,,9.4,,0.0,19.0,17.0,7.9,14.3,4.6
2024-03-15,2024-03-15T07:55,2024-03-15T19:47,32661.6,,9.2,,2.1,29.0,14.9,10.5,11.0,6.9
2024-03-16,2024-03-16T07:53,2024-03-16T19:49,13018.05,,6.3,,1.2,21.0,10.7,6.7,7.6,3.8
2024-03-17,2024-03-17T07:50,2024-03-17T19:50,2110.18,,6.9,,1.8,19.2,14.6,6.6,11.9,2.9
2024-03-18,2024-03-18T07:48,2024-03-18T19:52,26241.26,,9.4,,0.4,15.6,15.0,8.7,12.2,7.0
2024-03-19,2024-03-19T07:46,2024-03-19T19:54,29878.24,,9.7,,0.7,15.5,16.3,7.6,14.2,5.6
2024-03-20,2024-03-20T07:44,2024-03-20T19:55,21695.04,,10.3,,0.0,9.5,17.7,5.8,16.6,4.0
2024-03-21,2024-03-21T07:41,2024-03-21T19:57,5576.48,,7.7,,0.0,14.4,12.6,6.8,10.8,4.5
2024-03-22,2024-03-22T07:39,2024-03-22T19:59,0.0,,7.5,,6.4,22.2,12.5,9.0,8.8,6.1
2024-03-23,2024-03-23T07:37,2024-03-23T20:00,40634.0,,2.8,,5.1,25.9,9.6,4.2,7.0,-0.2
2024-03-24,2024-03-24T07:35,2024-03-24T20:02,29235.55,,1.1,,1.7,33.0,9.5,3.5,3.2,-1.3
2024-03-25,2024-03-25T07:32,2024-03-25T20:04,38673.31,,3.3,,0.1,17.7,12.1,2.0,7.9,-1.3
2024-03-26,2024-03-26T07:30,2024-03-26T20:05,24190.26,,6.7,,0.3,19.9,15.2,5.0,12.4,0.8
2024-03-27,2024-03-27T07:28,2024-03-27T20:07,25873.21,,5.3,,0.4,25.2,12.2,6.5,8.5,2.8
2024-03-28,2024-03-28T07:25,2024-03-28T20:09,34661.46,,3.2,,2.6,33.7,11.7,6.5,5.4,1.2
2024-03-29,2024-03-29T07:23,2024-03-29T20:10,29894.79,,6.6,,5.1,32.2,14.7,7.6,11.0,2.9
2024-03-30,2024-03-30T07:21,2024-03-30T20:12,939.17,,7.1,,4.2,17.6,10.5,5.8,8.4,3.6
2024-03-31,2024-03-31T07:19,2024-03-31T20:13,20637.31,,7.3,,4.0,25.2,15.0,5.5,11.6,3.0
2024-04-01,2024-04-01T07:17,2024-04-01T20:15,24500.08,,6.6,,0.5,25.0,13.5,7.1,9.1,4.5
2024-04-02,2024-04-02T07:14,2024-04-02T20:17,3983.23,,5.4,,3.8,35.4,11.8,7.3,9.1,3.0
2024-04-03,2024-04-03T07:12,2024-04-03T20:18,19951.01,,7.5,,8.0,31.6,14.6,9.6,11.4,5.5
2024-04-04,2024-04-04T07:10,2024-04-04T20:20,28800.0,,8.3,,9.2,35.1,15.3,9.4,10.7,5.5
2024-04-05,2024-04-05T07:08,2024-04-05T20:22,11496.43,,11.8,,3.8,33.5,18.1,12.0,15.1,9.5
2024-04-06,2024-04-06T07:06,2024-04-06T20:23,42024.04,,15.6,,0.0,28.7,23.8,13.9,20.3,11.7
2024-04-07,2024-04-07T07:04,2024-04-07T20:25,36000.0,,13.4,,4.8,27.4,19.5,13.5,16.2,10.1
2024-04-08,2024-04-08T07:01,2024-04-08T20:26,38328.23,,14.3,,4.1,19.5,20.8,10.4,19.2,8.8
2024-04-09,2024-04-09T06:59,2024-04-09T20:28,37406.31,,6.6,,6.7,43.9,14.3,8.8,14.2,2.3
2024-04-10,2024-04-10T06:57,2024-04-10T20:30,44834.21,,6.4,,0.0,18.5,13.9,5.2,10.4,1.7
2024-04-11,2024-04-11T06:55,2024-04-11T20:31,4655.18,,10.4,,0.4,22.9,15.5,10.0,13.7,5.6
2024-04-12,2024-04-12T06:53,2024-04-12T20:33,35815.74,,14.4,,0.0,24.7,20.3,12.3,18.5,10.6
2024-04-13,2024-04-13T06:51,2024-04-13T20:35,43305.14,,15.6,,0.0,24.0,22.4,12.4,20.8,10.8
2024-04-14,2024-04-14T06:48,2024-04-14T20:36,29152.91,,10.3,,0.4,20.3,15.8,9.1,13.3,7.3
2024-04-15,2024-04-15T06:46,2024-04-15T20:38,32827.09,,3.7,,7.6,40.7,11.1,5.3,8.0,0.3
2024-04-16,2024-04-16T06:44,2024-04-16T20:40,26974.6,,2.4,,9.7,36.2,10.8,5.6,4.7,0.3
2024-04-17,2024-04-17T06:42,2024-04-17T20:41,41780.11,,2.4,,7.3,19.9,9.2,2.6,5.8,-1.0
2024-04-18,2024-04-18T06:40,2024-04-18T20:43,41809.1,,3.4,,1.0,15.7,11.1,1.6,7.5,-1.5
2024-04-19,2024-04-19T06:38,2024-04-19T20:44,18000.0,,3.4,,5.2,31.0,11.3,6.4,5.6,1.4
2024-04-20,2024-04-20T06:36,2024-04-20T20:46,33097.62,,2.2,,1.5,23.0,9.5,4.0,5.6,0.2
2024-04-21,2024-04-21T06:34,2024-04-21T20:48,39298.09,,1.8,,1.6,28.7,9.6,3.4,5.1,-0.6
2024-04-22,2024-04-22T06:32,2024-04-22T20:49,46341.09,,2.3,,1.6,20.4,9.9,2.2,6.7,-1.0
2024-04-23,2024-04-23T06:30,2024-04-23T20:51,39436.27,,1.7,,0.9,16.6,10.2,-0.7,5.9,-4.1
2024-04-24,2024-04-24T06:28,2024-04-24T20:52,32149.37,,2.1,,3.8,23.7,8.8,4.2,4.2,0.7
2024-04-25,2024-04-25T06:26,2024-04-25T20:54,28768.76,,2.2,,0.5,22.2,9.8,2.0,4.8,-1.6
2024-04-26,2024-04-26T06:24,2024-04-26T20:56,7845.93,,5.9,,4.9,16.4,10.9,6.8,9.4,2.9
2024-04-27,2024-04-27T06:22,2024-04-27T20:57,34363.13,,9.5,,2.9,19.1,16.3,6.4,14.1,4.3
2024-04-28,2024-04-28T06:20,2024-04-28T20:59,43878.75,,8.7,,0.5,37.8,15.1,9.8,9.7,7.1
2024-04-29,2024-04-29T06:19,2024-04-29T21:00,41804.75,,10.2,,0.5,20.4,18.3,6.4,15.4,3.8
2024-04-30,2024-04-30T06:17,2024-04-30T21:02,43200.0,,14.9,,0.4,16.1,21.3,10.6,19.7,9.1
2024-05-01,2024-05-01T06:15,2024-05-01T21:04,43200.0,,17.6,,0.6,20.0,23.1,11.2,23.4,10.7
2024-05-02,2024-05-02T06:13,2024-05-02T21:05,29993.49,,14.7,,2.6,20.5,20.6,12.1,20.8,9.3
2024-05-03,2024-05-03T06:11,2024-05-03T21:07,18676.65,,8.3,,5.8,28.7,15.2,10.3,11.9,6.3
2024-05-04,2024-05-04T06:09,2024-05-04T21:08,25577.91,,8.9,,7.8,20.2,15.2,7.7,13.2,5.3
2024-05-05,2024-05-05T06:08,2024-05-05T21:10,34106.61,,10.2,,0.0,13.2,17.2,7.0,15.6,4.8
2024-05-06,2024-05-06T06:06,2024-05-06T21:12,7839.45,,12.7,,5.4,15.3,17.5,10.0,17.0,8.9
2024-05-07,2024-05-07T06:04,2024-05-07T21:13,35937.36,,12.3,,0.2,20.9,18.6,9.2,16.6,7.9
2024-05-08,2024-05-08T06:03,2024-05-08T21:15,3154.8,,9.7,,1.4,14.5,14.3,8.7,12.2,6.6
2024-05-09,2024-05-09T06:01,2024-05-09T21:16,35635.94,,11.8,,0.1,8.6,18.2,6.5,17.6,4.4
2024-05-10,2024-05-10T05:59,2024-05-10T21:18,47081.67,,14.2,,0.0,10.6,20.8,7.9,21.1,6.0
2024-05-11,2024-05-11T05:58,2024-05-11T21:19,50406.7,,15.9,,0.0,14.8,23.0,10.5,22.5,9.0
2024-05-12,2024-05-12T05:56,2024-05-12T21:21,50635.4,,17.8,,0.1,13.7,25.0,11.8,25.4,10.2
2024-05-13,2024-05-13T05:55,2024-05-13T21:22,50216.83,,17.9,,0.3,17.8,21.6,15.2,21.2,14.7
2024-05-14,2024-05-14T05:53,2024-05-14T21:24,44601.33,,17.7,,0.1,21.8,23.3,15.4,23.2,13.8
2024-05-15,2024-05-15T05:52,2024-05-15T21:25,0.0,,15.4,,7.4,7.3,17.6,13.9,17.5,13.8
2024-05-16,2024-05-16T05:51,2024-05-16T21:27,31517.48,,14.5,,13.6,18.3,17.7,12.4,16.4,12.0
2024-05-17,2024-05-17T05:49,2024-05-17T21:28,20048.62,,12.7,,7.4,20.2,18.1,10.5,16.1,9.6
2024-05-18,2024-05-18T05:48,2024-05-18T21:29,27207.51,,14.2,,5.4,17.2,20.6,12.4,21.7,11.2
2024-05-19,2024-05-19T05:47,2024-05-19T21:31,44076.77,,14.5,,0.5,13.3,20.5,10.2,21.6,8.9
2024-05-20,2024-05-20T05:45,2024-05-20T21:32,47644.57,,14.7,,2.0,15.5,19.6,10.9,20.4,9.8
2024-05-21,2024-05-21T05:44,2024-05-21T21:34,5048.67,,14.8,,9.7,10.8,17.6,11.9,18.6,11.3
2024-05-22,2024-05-22T05:43,2024-05-22T21:35,40689.53,,12.7,,1.6,27.1,18.4,11.8,15.4,9.7
2024-05-23,2024-05-23T05:42,2024-05-23T21:36,37490.8,,13.5,,0.8,20.9,19.2,11.5,18.5,9.1
2024-05-24,2024-05-24T05:41,2024-05-24T21:38,16582.26,,13.6,,3.6,13.2,17.2,11.3,17.6,10.6
2024-05-25,2024-05-25T05:40,2024-05-25T21:39,20139.32,,12.8,,8.8,22.0,18.8,11.1,17.6,9.1
2024-05-26,2024-05-26T05:39,2024-05-26T21:40,33553.23,,14.2,,8.4,24.4,19.7,12.0,17.6,10.7
2024-05-27,2024-05-27T05:38,2024-05-27T21:41,31466.21,,12.3,,1.9,15.2,17.2,11.4,15.6,9.6
2024-05-28,2024-05-28T05:37,2024-05-28T21:42,25333.66,,11.1,,3.6,26.1,17.6,9.0,14.6,6.5
2024-05-29,2024-05-29T05:36,2024-05-29T21:44,32400.0,,13.7,,5.0,25.6,18.3,13.9,16.6,11.2
2024-05-30,2024-05-30T05:35,2024-05-30T21:45,41117.43,,12.2,,1.1,19.4,17.4,10.7,16.4,9.3
2024-05-31,2024-05-31T05:34,2024-05-31T21:46,29357.88,,12.8,,2.1,18.6,17.6,12.3,17.3,9.9
2024-06-01,2024-06-01T05:33,2024-06-01T21:47,0.0,,12.5,,5.0,24.2,16.2,12.3,14.5,10.2
2024-06-02,2024-06-02T05:33,2024-06-02T21:48,38150.4,,11.8,,0.0,19.1,17.3,11.4,15.0,9.4
2024-06-03,2024-06-03T05:32,2024-06-03T21:49,32248.84,,11.7,,0.2,10.7,17.0,7.4,16.4,5.4
2024-06-04,2024-06-04T05:31,2024-06-04T21:50,39664.83,,14.7,,0.3,21.3,20.0,11.5,18.3,10.1
2024-06-05,2024-06-05T05:31,2024-06-05T21:51,34220.12,,12.4,,0.5,20.6,16.8,11.4,15.8,9.8
2024-06-06,2024-06-06T05:30,2024-06-06T21:52,49208.88,,10.8,,0.1,15.5,16.7,7.3,14.3,5.7
2024-06-07,2024-06-07T05:30,2024-06-07T21:52,53486.06,,12.1,,0.0,15.5,18.9,7.1,18.2,5.2
2024-06-08,2024-06-08T05:29,2024-06-08T21:53,46773.91,,11.5,,0.2,20.1,17.7,8.2,15.3,5.7
2024-06-09,2024-06-09T05:29,2024-06-09T21:54,53473.96,,11.8,,0.0,21.3,17.5,8.1,16.5,6.5
2024-06-10,2024-06-10T05:29,2024-06-10T21:55,17666.71,,8.5,,8.6,37.0,12.7,10.0,10.8,5.2
2024-06-11,2024-06-11T05:29,2024-06-11T21:55,52222.39,,8.7,,3.8,17.7,15.1,7.5,13.0,5.0
2024-06-12,2024-06-12T05:28,2024-06-12T21:56,52279.36,,9.3,,0.3,14.5,14.8,7.0,12.8,5.0
2024-06-13,2024-06-13T05:28,2024-06-13T21:57,45723.36,,11.1,,0.5,22.5,18.6,8.0,15.4,5.7
2024-06-14,2024-06-14T05:28,2024-06-14T21:57,12394.82,,13.1,,4.0,28.1,18.4,13.0,17.9,10.0
2024-06-15,2024-06-15T05:28,2024-06-15T21:58,33588.57,,10.2,,4.3,35.0,16.8,11.3,12.5,6.9
2024-06-16,2024-06-16T05:28,2024-06-16T21:58,22114.97,,11.9,,4.6,23.7,18.0,11.9,15.6,9.1
2024-06-17,2024-06-17T05:28,2024-06-17T21:59,41400.07,,15.3,,1.2,18.5,20.2,12.2,19.4,11.1
2024-06-18,2024-06-18T05:28,2024-06-18T21:59,425.97,,16.4,,21.2,16.2,17.9,13.8,18.9,13.6
2024-06-19,2024-06-19T05:28,2024-06-19T21:59,41826.34,,15.5,,1.1,17.3,20.1,13.2,19.7,12.3
2024-06-20,2024-06-20T05:28,2024-06-20T22:00,23563.41,,15.3,,2.8,17.9,20.5,12.2,19.4,10.6
2024-06-21,2024-06-21T05:28,2024-06-21T22:00,8981.22,,16.5,,3.9,19.7,19.4,15.2,19.3,13.8
2024-06-22,2024-06-22T05:29,2024-06-22T22:00,29149.09,,14.9,,0.7,15.4,19.3,13.2,18.8,11.5
2024-06-23,2024-06-23T05:29,2024-06-23T22:00,50881.92,,17.4,,0.0,12.5,23.1,11.6,24.3,10.3
2024-06-24,2024-06-24T05:29,2024-06-24T22:00,53651.62,,19.7,,0.0,12.6,24.7,12.4,26.3,11.9
2024-06-25,2024-06-25T05:30,2024-06-25T22:00,53981.36,,22.4,,0.0,14.9,27.3,15.2,28.8,15.3
2024-06-26,2024-06-26T05:30,2024-06-26T22:00,53739.41,,24.9,,0.0,8.9,28.0,16.0,31.6,17.0
2024-06-27,2024-06-27T05:31,2024-06-27T22:00,53711.04,,23.3,,0.2,20.7,27.8,17.3,29.3,16.4
2024-06-28,2024-06-28T05:31,2024-06-28T22:00,53572.6,,15.6,,0.0,20.3,21.7,12.7,20.0,10.8
2024-06-29,2024-06-29T05:32,2024-06-29T22:00,44162.45,,18.5,,15.0,13.1,24.1,11.8,25.4,11.3
2024-06-30,2024-06-30T05:33,2024-06-30T21:59,25694.27,,17.4,,19.7,18.0,21.4,15.1,20.3,15.1
2024-07-01,2024-07-01T05:33,2024-07-01T21:59,45012.98,,14.4,,1.6,15.0,19.0,11.4,17.6,10.6
2024-07-02,2024-07-02T05:34,2024-07-02T21:59,14933.65,,13.8,,3.4,20.1,17.8,13.6,16.3,12.3
2024-07-03,2024-07-03T05:35,2024-07-03T21:58,8385.89,,12.5,,3.9,18.5,16.5,11.8,14.4,10.6
2024-07-04,2024-07-04T05:36,2024-07-04T21:58,43530.61,,13.6,,1.4,24.6,19.1,13.7,16.0,10.6
2024-07-05,2024-07-05T05:36,2024-07-05T21:57,9440.69,,13.8,,3.3,26.2,20.3,12.8,20.7,9.7
2024-07-06,2024-07-06T05:37,2024-07-06T21:57,43638.77,,13.9,,0.0,36.0,19.0,13.4,17.1,9.6
2024-07-07,2024-07-07T05:38,2024-07-07T21:56,48866.09,,12.1,,0.1,23.0,19.1,10.5,15.7,7.3
2024-07-08,2024-07-08T05:39,2024-07-08T21:56,18908.49,,15.3,,0.4,12.8,19.7,12.1,19.9,10.8
2024-07-09,2024-07-09T05:40,2024-07-09T21:55,39146.89,,21.6,,8.5,17.7,28.8,14.9,31.9,13.6
2024-07-10,2024-07-10T05:41,2024-07-10T21:54,48592.42,,19.7,,2.0,22.1,23.2,15.7,22.9,16.5
2024-07-11,2024-07-11T05:42,2024-07-11T21:53,52764.42,,16.7,,0.0,16.4,21.9,13.8,20.9,12.5
2024-07-12,2024-07-12T05:43,2024-07-12T21:53,18000.0,,13.2,,28.3,22.7,16.2,12.6,14.2,11.3
2024-07-13,2024-07-13T05:44,2024-07-13T21:52,46520.07,,12.3,,0.0,23.0,18.5,10.9,15.9,8.9
2024-07-14,2024-07-14T05:45,2024-07-14T21:51,48205.84,,15.3,,0.2,19.8,21.1,11.2,19.6,9.8
2024-07-15,2024-07-15T05:46,2024-07-15T21:50,42301.73,,19.4,,15.3,13.4,25.0,12.4,26.0,11.6
2024-07-16,2024-07-16T05:48,2024-07-16T21:49,40297.89,,15.8,,8.5,27.3,19.8,14.9,19.8,13.1
2024-07-17,2024-07-17T05:49,2024-07-17T21:48,51163.65,,18.6,,0.9,17.6,22.4,14.2,23.6,13.7
2024-07-18,2024-07-18T05:50,2024-07-18T21:47,45145.29,,21.8,,0.1,7.9,26.6,14.0,28.0,14.2
2024-07-19,2024-07-19T05:51,2024-07-19T21:46,51573.05,,24.8,,0.3,8.9,28.6,17.3,30.7,18.0
2024-07-20,2024-07-20T05:53,2024-07-20T21:44,51963.64,,25.9,,0.9,10.0,28.5,18.6,32.7,18.9
2024-07-21,2024-07-21T05:54,2024-07-21T21:43,38292.13,,22.7,,1.0,17.0,23.8,18.9,25.9,20.1
2024-07-22,2024-07-22T05:55,2024-07-22T21:42,33519.18,,19.2,,0.4,17.5,22.5,16.6,21.9,15.6
2024-07-23,2024-07-23T05:57,2024-07-23T21:41,23294.16,,18.3,,2.6,26.3,21.9,15.5,19.9,15.4
2024-07-24,2024-07-24T05:58,2024-07-24T21:39,48978.61,,17.7,,0.3,9.9,21.8,13.2,22.4,12.8
2024-07-25,2024-07-25T05:59,2024-07-25T21:38,28435.12,,20.0,,0.4,20.5,25.2,15.3,25.2,14.3
2024-07-26,2024-07-26T06:01,2024-07-26T21:37,16138.4,,20.1,,5.2,18.1,22.7,17.6,22.9,17.5
2024-07-27,2024-07-27T06:02,2024-07-27T21:35,20578.9,,18.7,,2.7,12.6,21.4,16.3,20.9,15.8
2024-07-28,2024-07-28T06:04,2024-07-28T21:34,50792.94,,18.3,,0.0,11.4,22.6,12.2,22.9,12.0
2024-07-29,2024-07-29T06:05,2024-07-29T21:32,50695.78,,20.5,,0.0,12.7,26.6,13.3,27.3,12.4
2024-07-30,2024-07-30T06:06,2024-07-30T21:31,50223.94,,25.3,,0.0,9.3,29.4,17.6,32.7,17.8
2024-07-31,2024-07-31T06:08,2024-07-31T21:29,32348.34,,24.2,,3.8,15.1,25.7,19.8,28.8,20.7
2024-08-01,2024-08-01T06:09,2024-08-01T21:28,19659.33,,23.5,,5.1,11.5,24.0,19.1,25.9,21.0
2024-08-02,2024-08-02T06:11,2024-08-02T21:26,44178.61,,22.9,,0.5,6.7,25.5,16.5,29.2,18.1
2024-08-03,2024-08-03T06:12,2024-08-03T21:24,35940.01,,19.6,,2.1,20.3,23.3,15.5,23.4,15.0
2024-08-04,2024-08-04T06:14,2024-08-04T21:23,16494.93,,19.7,,4.6,14.8,20.9,16.9,21.5,17.6
2024-08-05,2024-08-05T06:15,2024-08-05T21:21,49562.1,,19.5,,0.0,13.7,23.6,13.7,24.9,12.9
2024-08-06,2024-08-06T06:17,2024-08-06T21:19,48193.97,,22.6,,0.0,16.1,27.6,16.3,28.9,16.0
2024-08-07,2024-08-07T06:18,2024-08-07T21:17,39132.25,,19.2,,1.1,16.9,22.6,16.7,22.5,15.8
2024-08-08,2024-08-08T06:20,2024-08-08T21:16,35330.23,,18.5,,0.2,17.3,23.2,15.8,22.5,14.7
2024-08-09,2024-08-09T06:21,2024-08-09T21:14,30647.95,,19.8,,1.2,30.5,24.2,17.4,22.8,16.3
2024-08-10,2024-08-10T06:23,2024-08-10T21:12,48756.78,,18.8,,0.0,16.8,24.1,14.2,23.9,13.3
2024-08-11,2024-08-11T06:24,2024-08-11T21:10,48953.43,,22.2,,0.0,14.8,26.7,15.4,28.4,15.3
2024-08-12,2024-08-12T06:26,2024-08-12T21:08,48377.46,,27.4,,0.0,14.9,33.1,17.9,36.7,18.0
2024-08-13,2024-08-13T06:27,2024-08-13T21:06,44982.42,,27.3,,2.8,12.6,28.6,19.8,32.9,21.3
2024-08-14,2024-08-14T06:29,2024-08-14T21:04,24847.19,,20.8,,0.5,15.2,23.8,17.4,24.2,17.7
2024-08-15,2024-08-15T06:31,2024-08-15T21:02,44939.39,,20.2,,0.0,23.4,24.9,15.7,24.4,15.9
2024-08-16,2024-08-16T06:32,2024-08-16T21:01,1094.0,,19.7,,5.3,19.6,21.5,18.2,22.2,16.9
2024-08-17,2024-08-17T06:34,2024-08-17T20:59,35130.36,,22.4,,1.9,10.3,24.0,18.2,25.9,20.4
2024-08-18,2024-08-18T06:35,2024-08-18T20:57,37336.9,,19.2,,0.8,19.4,23.1,14.6,22.6,13.7
2024-08-19,2024-08-19T06:37,2024-08-19T20:55,46706.76,,16.9,,0.0,12.2,22.5,11.3,23.5,10.3
2024-08-20,2024-08-20T06:38,2024-08-20T20:53,32373.98,,18.2,,11.8,24.2,24.7,14.9,24.4,13.7
2024-08-21,2024-08-21T06:40,2024-08-21T20:51,44573.05,,14.0,,0.0,21.0,19.9,12.2,16.9,10.0
2024-08-22,2024-08-22T06:41,2024-08-22T20:49,45018.18,,15.7,,0.6,28.6,23.2,13.2,20.4,10.8
2024-08-23,2024-08-23T06:43,2024-08-23T20:47,20887.16,,18.1,,1.3,39.7,22.1,18.2,20.8,15.3
2024-08-24,2024-08-24T06:44,2024-08-24T20:44,40585.76,,20.1,,5.0,35.6,27.7,16.7,25.8,14.6
2024-08-25,2024-08-25T06:46,2024-08-25T20:42,45666.62,,13.7,,0.4,22.2,19.8,12.0,16.7,9.7
2024-08-26,2024-08-26T06:48,2024-08-26T20:40,32243.2,,15.3,,0.0,20.2,21.9,13.0,19.9,10.9
2024-08-27,2024-08-27T06:49,2024-08-27T20:38,45431.3,,17.9,,0.0,9.2,24.4,11.2,24.8,10.2
2024-08-28,2024-08-28T06:51,2024-08-28T20:36,45401.82,,22.0,,0.0,13.9,28.5,13.7,29.6,13.6
2024-08-29,2024-08-29T06:52,2024-08-29T20:34,39766.95,,21.2,,0.0,14.9,25.2,17.4,25.9,16.5
2024-08-30,2024-08-30T06:54,2024-08-30T20:32,16728.01,,17.0,,2.1,19.9,20.3,15.7,18.9,15.1
2024-08-31,2024-08-31T06:55,2024-08-31T20:29,30322.73,,18.4,,6.4,20.4,24.3,15.0,25.6,12.9
2024-09-01,2024-09-01T06:57,2024-09-01T20:27,44247.89,,25.2,,0.0,13.0,30.7,17.1,33.5,17.3
2024-09-02,2024-09-02T06:58,2024-09-02T20:25,43180.88,,24.3,,0.4,15.1,26.9,18.1,28.4,19.5
2024-09-03,2024-09-03T07:00,2024-09-03T20:23,2164.31,,21.1,,3.5,11.7,21.9,17.3,23.1,18.3
2024-09-04,2024-09-04T07:01,2024-09-04T20:21,25348.32,,18.7,,1.8,11.1,21.1,15.1,21.8,15.5
2024-09-05,2024-09-05T07:03,2024-09-05T20:18,14994.19,,19.1,,0.2,25.0,23.4,15.0,25.8,13.9
2024-09-06,2024-09-06T07:05,2024-09-06T20:16,3600.0,,18.5,,2.8,15.0,19.5,16.2,21.1,16.3
2024-09-07,2024-09-07T07:06,2024-09-07T20:14,37389.23,,20.0,,17.2,14.1,26.3,13.0,27.3,12.7
2024-09-08,2024-09-08T07:08,2024-09-08T20:12,34803.47,,16.4,,11.2,27.3,19.9,15.1,20.6,13.8
2024-09-09,2024-09-09T07:09,2024-09-09T20:09,25922.3,,15.4,,4.6,21.3,20.2,14.6,19.0,13.5
2024-09-10,2024-09-10T07:11,2024-09-10T20:07,12942.71,,12.1,,4.3,33.6,17.1,11.7,14.7,9.9
2024-09-11,2024-09-11T07:12,2024-09-11T20:05,41666.95,,9.5,,8.8,28.6,15.4,9.4,11.9,7.0
2024-09-12,2024-09-12T07:14,2024-09-12T20:03,41552.57,,7.5,,2.9,19.0,14.2,7.1,11.5,4.3
2024-09-13,2024-09-13T07:15,2024-09-13T20:01,37174.17,,8.7,,5.3,16.6,16.3,5.2,14.4,2.8
2024-09-14,2024-09-14T07:17,2024-09-14T19:58,31118.42,,9.4,,0.1,9.4,15.5,6.6,14.2,4.1
2024-09-15,2024-09-15T07:18,2024-09-15T19:56,40522.52,,11.1,,0.0,11.5,18.8,7.4,17.8,4.9
2024-09-16,2024-09-16T07:20,2024-09-16T19:54,36660.23,,13.7,,0.9,19.4,18.7,10.4,17.8,9.4
2024-09-17,2024-09-17T07:22,2024-09-17T19:51,39144.0,,13.6,,0.0,27.6,20.3,11.3,17.8,9.7
2024-09-18,2024-09-18T07:23,2024-09-18T19:49,39979.28,,16.0,,0.0,20.7,21.8,13.0,21.5,11.5
2024-09-19,2024-09-19T07:25,2024-09-19T19:47,39794.1,,17.1,,0.0,22.1,23.3,14.0,22.7,12.8
2024-09-20,2024-09-20T07:26,2024-09-20T19:45,39712.84,,16.5,,0.0,19.4,22.6,13.5,21.0,12.1
2024-09-21,2024-09-21T07:28,2024-09-21T19:42,39647.11,,17.9,,0.0,9.2,23.9,12.1,24.3,11.5
2024-09-22,2024-09-22T07:29,2024-09-22T19:40,22655.66,,17.9,,0.0,18.9,22.9,14.7,23.3,14.0
2024-09-23,2024-09-23T07:31,2024-09-23T19:38,36000.0,,16.0,,2.0,21.0,19.5,13.8,18.2,12.7
2024-09-24,2024-09-24T07:32,2024-09-24T19:35,23750.79,,13.2,,1.8,22.9,18.1,12.1,17.2,10.5
2024-09-25,2024-09-25T07:34,2024-09-25T19:33,17666.96,,12.9,,7.1,23.7,18.1,13.1,16.0,10.9
2024-09-26,2024-09-26T07:36,2024-09-26T19:31,24781.21,,13.3,,9.9,34.0,19.8,13.8,17.0,9.3
2024-09-27,2024-09-27T07:37,2024-09-27T19:29,17638.62,,8.1,,7.6,40.0,14.5,11.3,10.1,6.2
2024-09-28,2024-09-28T07:39,2024-09-28T19:26,38629.67,,7.5,,2.5,18.7,13.6,7.4,10.1,5.0
2024-09-29,2024-09-29T07:40,2024-09-29T19:24,28767.93,,6.7,,0.0,18.5,14.2,4.8,11.1,1.8
2024-09-30,2024-09-30T07:42,2024-09-30T19:22,9078.21,,9.6,,5.4,32.1,16.8,9.2,13.9,5.6
2024-10-01,2024-10-01T07:44,2024-10-01T19:20,20043.89,,10.1,,1.4,30.9,16.1,10.4,13.3,8.1
2024-10-02,2024-10-02T07:45,2024-10-02T19:18,20562.01,,9.1,,0.2,16.2,16.0,6.4,14.6,4.4
2024-10-03,2024-10-03T07:47,2024-10-03T19:15,28087.35,,7.4,,0.2,21.8,13.8,6.7,9.9,3.5
2024-10-04,2024-10-04T07:48,2024-10-04T19:13,32388.43,,7.5,,0.0,10.7,14.3,5.2,12.1,3.0
2024-10-05,2024-10-05T07:50,2024-10-05T19:11,36992.26,,7.6,,0.0,10.1,15.4,4.2,12.9,1.7
2024-10-06,2024-10-06T07:52,2024-10-06T19:09,29826.7,,9.0,,0.1,20.8,16.9,7.5,14.0,4.2
2024-10-07,2024-10-07T07:53,2024-10-07T19:07,27836.7,,14.3,,2.1,23.5,18.5,12.8,16.9,11.1
2024-10-08,2024-10-08T07:55,2024-10-08T19:04,29279.94,,13.8,,0.7,26.2,17.8,14.0,15.8,11.5
2024-10-09,2024-10-09T07:56,2024-10-09T19:02,0.0,,12.3,,24.8,24.5,15.3,13.2,15.0,10.4
2024-10-10,2024-10-10T07:58,2024-10-10T19:00,19103.43,,10.2,,8.2,19.5,14.9,9.7,12.4,7.5
2024-10-11,2024-10-11T08:00,2024-10-11T18:58,34490.64,,7.2,,0.3,11.3,12.6,6.0,10.1,3.9
2024-10-12,2024-10-12T08:01,2024-10-12T18:56,0.0,,6.8,,1.7,22.7,13.3,5.5,11.0,2.8
2024-10-13,2024-10-13T08:03,2024-10-13T18:54,26437.32,,6.1,,0.3,24.0,12.3,7.1,8.7,2.8
2024-10-14,2024-10-14T08:05,2024-10-14T18:51,3600.0,,5.9,,7.2,16.5,10.5,5.9,9.0,3.7
2024-10-15,2024-10-15T08:06,2024-10-15T18:49,11281.71,,10.1,,0.0,16.4,17.1,8.0,16.0,5.3
2024-10-16,2024-10-16T08:08,2024-10-16T18:47,18430.84,,15.5,,0.0,27.3,21.5,13.1,20.7,10.8
2024-10-17,2024-10-17T08:10,2024-10-17T18:45,4473.73,,16.9,,2.7,23.2,19.7,15.7,19.8,14.7
2024-10-18,2024-10-18T08:11,2024-10-18T18:43,15096.98,,15.3,,0.1,10.0,17.7,12.8,18.9,12.5
2024-10-19,2024-10-19T08:13,2024-10-19T18:41,12351.42,,12.9,,0.7,26.1,16.3,13.2,13.8,12.0
2024-10-20,2024-10-20T08:15,2024-10-20T18:39,11180.03,,13.2,,0.3,32.2,17.9,13.8,15.2,11.8
2024-10-21,2024-10-21T08:16,2024-10-21T18:37,0.0,,13.2,,9.4,30.4,18.0,12.7,16.1,11.6
2024-10-22,2024-10-22T08:18,2024-10-22T18:35,32499.44,,10.1,,4.2,25.8,15.6,8.9,13.8,6.6
2024-10-23,2024-10-23T08:20,2024-10-23T18:33,32375.78,,9.9,,0.0,11.7,16.2,7.9,15.3,6.1
2024-10-24,2024-10-24T08:21,2024-10-24T18:31,27590.49,,9.3,,0.1,15.2,16.8,6.4,15.5,3.8
2024-10-25,2024-10-25T08:23,2024-10-25T18:29,29549.79,,14.3,,3.7,16.6,19.7,11.9,19.6,10.6
2024-10-26,2024-10-26T08:25,2024-10-26T18:27,31995.96,,15.3,,0.0,12.9,20.6,11.2,21.3,10.4
2024-10-27,2024-10-27T08:26,2024-10-27T18:26,27162.57,,13.2,,0.3,10.5,16.4,10.3,15.8,9.1
2024-10-28,2024-10-28T08:28,2024-10-28T18:24,24482.26,,10.9,,0.0,22.7,15.9,9.2,13.3,8.0
2024-10-29,2024-10-29T08:30,2024-10-29T18:22,8209.39,,10.7,,2.4,20.4,15.6,11.2,13.4,9.0
2024-10-30,2024-10-30T08:32,2024-10-30T18:20,11041.08,,12.4,,0.1,10.2,15.2,11.0,14.8,10.6
2024-10-31,2024-10-31T08:33,2024-10-31T18:18,22670.7,,10.8,,0.0,7.1,15.7,9.1,14.8,7.8
2024-11-01,2024-11-01T08:35,2024-11-01T18:16,0.0,,8.5,,0.0,13.1,13.0,8.2,11.5,6.2
2024-11-02,2024-11-02T08:37,2024-11-02T18:15,189.76,,9.9,,0.0,13.1,13.2,9.8,11.8,7.7
2024-11-03,2024-11-03T08:39,2024-11-03T18:13,17136.25,,7.0,,0.0,12.5,13.5,5.4,12.1,3.2
2024-11-04,2024-11-04T08:40,2024-11-04T18:11,29242.36,,5.3,,0.0,9.8,11.7,5.0,10.3,2.8
2024-11-05,2024-11-05T08:42,2024-11-05T18:10,16910.41,,5.3,,0.0,9.5,11.9,2.8,10.5,0.2
2024-11-06,2024-11-06T08:44,2024-11-06T18:08,0.0,,8.1,,0.2,8.1,11.1,8.2,10.2,6.9
2024-11-07,2024-11-07T08:45,2024-11-07T18:06,326.15,,4.9,,0.0,13.2,9.4,4.5,7.0,1.6
2024-11-08,2024-11-08T08:47,2024-11-08T18:05,57.36,,2.4,,0.0,10.6,7.8,2.7,5.1,-0.3
2024-11-09,2024-11-09T08:49,2024-11-09T18:03,0.0,,6.4,,0.0,8.0,10.7,5.9,8.9,3.8
2024-11-10,2024-11-10T08:50,2024-11-10T18:02,0.0,,8.1,,0.0,10.1,11.9,7.9,10.8,6.4
2024-11-11,2024-11-11T08:52,2024-11-11T18:00,25568.04,,6.6,,1.5,21.1,12.5,6.9,9.2,4.7
2024-11-12,2024-11-12T08:54,2024-11-12T17:59,13056.42,,5.4,,2.6,23.4,10.5,6.3,7.7,3.3
2024-11-13,2024-11-13T08:55,2024-11-13T17:58,25200.0,,5.2,,0.0,11.6,10.2,4.8,8.7,2.0
2024-11-14,2024-11-14T08:57,2024-11-14T17:56,296.53,,7.8,,0.6,9.1,11.2,8.3,9.6,6.4
2024-11-15,2024-11-15T08:59,2024-11-15T17:55,12099.23,,7.3,,0.3,7.9,10.5,7.2,9.5,5.0
2024-11-16,2024-11-16T09:01,2024-11-16T17:54,1442.93,,4.5,,0.0,17.2,8.8,6.4,5.6,3.5
2024-11-17,2024-11-17T09:02,2024-11-17T17:52,16789.16,,4.4,,3.6,19.1,9.0,6.0,5.8,2.4
2024-11-18,2024-11-18T09:04,2024-11-18T17:51,19266.49,,4.8,,4.1,19.7,8.9,6.5,6.6,2.6
2024-11-19,2024-11-19T09:06,2024-11-19T17:50,0.0,,4.6,,23.9,33.2,11.2,4.5,7.9,1.4
2024-11-20,2024-11-20T09:07,2024-11-20T17:49,23143.31,,-1.0,,1.3,30.8,5.8,1.4,1.0,-4.7
2024-11-21,2024-11-21T09:09,2024-11-21T17:48,0.0,,-2.9,,0.4,23.5,3.3,-0.5,-0.7,-4.9
2024-11-22,2024-11-22T09:10,2024-11-22T17:47,21600.0,,-2.8,,0.7,24.6,5.5,-0.4,0.2,-5.1
2024-11-23,2024-11-23T09:12,2024-11-23T17:46,0.0,,-0.9,,3.8,30.5,10.3,0.9,4.6,-3.5
2024-11-24,2024-11-24T09:13,2024-11-24T17:45,19140.67,,9.3,,1.2,32.0,17.6,9.9,12.4,4.6
2024-11-25,2024-11-25T09:15,2024-11-25T17:44,0.0,,9.4,,11.3,28.4,16.6,8.4,12.0,5.4
2024-11-26,2024-11-26T09:16,2024-11-26T17:43,23798.93,,4.9,,7.2,18.1,10.0,6.7,6.6,3.6
2024-11-27,2024-11-27T09:18,2024-11-27T17:42,0.0,,5.2,,5.0,30.3,12.5,6.2,8.0,3.5
2024-11-28,2024-11-28T09:19,2024-11-28T17:41,25205.23,,3.4,,0.1,16.0,8.9,3.7,6.4,1.5
2024-11-29,2024-11-29T09:21,2024-11-29T17:41,25126.98,,0.3,,0.0,12.5,6.8,1.3,4.2,-2.3
2024-11-30,2024-11-30T09:22,2024-11-30T17:40,22193.35,,1.0,,0.0,12.5,7.3,1.9,4.7,-2.1
2024-12-01,2024-12-01T09:23,2024-12-01T17:39,21401.1,,1.7,,0.0,19.2,8.1,1.9,4.7,-2.1
2024-12-02,2024-12-02T09:25,2024-12-02T17:39,20520.22,,6.4,,3.2,23.4,11.2,6.7,8.9,3.5
2024-12-03,2024-12-03T09:26,2024-12-03T17:38,15273.15,,3.6,,1.5,15.9,7.8,3.3,5.3,0.4
2024-12-04,2024-12-04T09:27,2024-12-04T17:38,8339.96,,1.1,,0.0,12.2,6.2,2.0,3.4,-1.4
2024-12-05,2024-12-05T09:28,2024-12-05T17:38,0.0,,2.6,,8.9,29.1,10.7,5.1,7.3,-0.0
2024-12-06,2024-12-06T09:30,2024-12-06T17:37,24276.25,,3.6,,7.5,35.3,11.6,5.6,6.7,2.0
2024-12-07,2024-12-07T09:31,2024-12-07T17:37,20831.58,,3.4,,6.2,29.6,10.3,6.2,6.3,1.4
2024-12-08,2024-12-08T09:32,2024-12-08T17:37,879.99,,3.1,,3.6,20.9,7.4,5.1,3.8,1.0
2024-12-09,2024-12-09T09:33,2024-12-09T17:36,0.0,,1.2,,1.0,21.7,6.3,4.1,2.6,-0.1
2024-12-10,2024-12-10T09:34,2024-12-10T17:36,0.0,,1.4,,0.0,18.6,5.8,4.6,1.8,0.9
2024-12-11,2024-12-11T09:35,2024-12-11T17:36,3176.01,,0.8,,0.0,12.2,4.6,3.7,1.2,0.5
2024-12-12,2024-12-12T09:36,2024-12-12T17:36,0.0,,0.3,,0.1,8.4,3.5,2.4,1.1,-0.1
2024-12-13,2024-12-13T09:37,2024-12-13T17:36,9891.85,,-2.1,,0.0,8.4,2.9,-1.8,-0.2,-5.1
2024-12-14,2024-12-14T09:38,2024-12-14T17:36,0.0,,-0.8,,1.1,15.3,5.0,1.6,1.7,-2.2
2024-12-15,2024-12-15T09:39,2024-12-15T17:36,5908.17,,2.4,,0.0,19.0,10.5,2.8,7.6,-0.9
2024-12-16,2024-12-16T09:39,2024-12-16T17:37,4984.89,,7.4,,0.5,21.0,11.3,9.2,8.1,6.3
2024-12-17,2024-12-17T09:40,2024-12-17T17:37,2859.95,,5.3,,0.1,15.8,9.4,6.0,6.9,2.3
2024-12-18,2024-12-18T09:41,2024-12-18T17:37,3600.0,,6.1,,0.2,27.7,12.5,6.5,9.1,2.4
2024-12-19,2024-12-19T09:41,2024-12-19T17:38,2632.24,,4.5,,9.1,33.1,13.6,2.9,9.7,-1.6
2024-12-20,2024-12-20T09:42,2024-12-20T17:38,19594.89,,0.3,,0.1,20.0,6.7,2.1,2.4,-1.7
2024-12-21,2024-12-21T09:42,2024-12-21T17:38,0.0,,3.7,,3.6,29.2,10.2,6.6,6.0,2.4
2024-12-22,2024-12-22T09:43,2024-12-22T17:39,19203.58,,0.7,,5.4,26.5,9.2,2.7,4.9,-1.8
2024-12-23,2024-12-23T09:43,2024-12-23T17:40,14911.86,,0.9,,8.2,31.5,6.2,2.1,2.6,-2.2
2024-12-24,2024-12-24T09:44,2024-12-24T17:40,0.0,,1.9,,0.9,13.6,7.6,2.5,5.3,-0.9
2024-12-25,2024-12-25T09:44,2024-12-25T17:41,0.0,,6.9,,0.0,10.9,9.9,7.8,8.5,5.6
2024-12-26,2024-12-26T09:44,2024-12-26T17:42,11574.44,,5.7,,0.0,7.2,9.4,5.5,8.0,3.4
2024-12-27,2024-12-27T09:44,2024-12-27T17:42,18007.7,,1.2,,0.0,5.7,5.3,0.8,3.5,-1.8
2024-12-28,2024-12-28T09:45,2024-12-28T17:43,23006.54,,-1.9,,0.0,12.3,4.2,-1.1,1.8,-4.1
2024-12-29,2024-12-29T09:45,2024-12-29T17:44,0.0,,-1.8,,0.0,12.2,3.2,-0.2,-0.2,-3.7
2024-12-30,2024-12-30T09:45,2024-12-30T17:45,0.0,,0.7,,0.0,15.6,5.8,3.4,2.1,-0.2
2024-12-31,2024-12-31T09:45,2024-12-31T17:46,6408.26,,-1.3,,0.0,26.0,6.1,1.3,0.9,-3.2
2025-01-01,2025-01-01T09:45,2025-01-01T17:47,0.0,,1.6,,6.8,34.0,9.0,5.3,4.7,-0.5
2025-01-02,2025-01-02T09:44,2025-01-02T17:48,22945.64,,0.0,,12.2,15.1,5.7,1.5,3.1,-2.3
2025-01-03,2025-01-03T09:44,2025-01-03T17:49,20187.66,,-3.2,,0.0,14.8,2.9,-0.8,-1.1,-5.3
2025-01-04,2025-01-04T09:44,2025-01-04T17:50,1793.78,,-2.4,,0.0,11.8,2.5,-0.4,-0.7,-4.2
2025-01-05,2025-01-05T09:44,2025-01-05T17:52,0.0,,2.9,,23.7,30.8,11.8,1.0,7.9,-3.4
2025-01-06,2025-01-06T09:43,2025-01-06T17:53,3810.86,,4.3,,3.7,37.9,11.8,4.5,6.7,-0.6
2025-01-07,2025-01-07T09:43,2025-01-07T17:54,9627.25,,-1.5,,5.2,23.1,4.3,2.2,-0.8,-2.6
2025-01-08,2025-01-08T09:43,2025-01-08T17:55,0.0,,-2.2,,2.5,20.7,3.4,-0.0,1.1,-4.3
2025-01-09,2025-01-09T09:42,2025-01-09T17:57,7015.26,,-3.6,,0.4,17.9,1.3,-0.2,-2.7,-5.1
2025-01-10,2025-01-10T09:42,2025-01-10T17:58,24878.61,,-5.1,,0.0,17.5,1.0,-2.6,-2.2,-6.8
2025-01-11,2025-01-11T09:41,2025-01-11T17:59,5158.69,,-5.4,,0.0,11.9,-0.2,-3.1,-3.6,-7.5
2025-01-12,2025-01-12T09:40,2025-01-12T18:01,12104.05,,-2.1,,0.0,7.8,3.0,-1.0,1.0,-4.1
2025-01-13,2025-01-13T09:40,2025-01-13T18:02,25345.78,,-4.3,,0.0,7.0,2.5,-5.2,-0.7,-8.9
2025-01-14,2025-01-14T09:39,2025-01-14T18:04,23037.49,,-5.0,,0.0,11.8,2.9,-5.3,-1.1,-9.2
2025-01-15,2025-01-15T09:38,2025-01-15T18:05,0.0,,0.9,,0.3,10.1,5.5,2.0,3.4,-1.0
2025-01-16,2025-01-16T09:37,2025-01-16T18:07,4635.62,,0.1,,0.0,7.9,5.4,-1.0,2.9,-4.0
2025-01-17,2025-01-17T09:36,2025-01-17T18:08,2130.49,,-3.2,,0.0,4.3,1.1,-2.3,-1.3,-5.5
2025-01-18,2025-01-18T09:35,2025-01-18T18:10,9522.21,,-4.1,,0.0,8.0,0.8,-2.2,-2.1,-5.5
2025-01-19,2025-01-19T09:34,2025-01-19T18:12,8723.04,,-4.6,,0.0,6.1,0.1,-3.2,-2.5,-6.5
2025-01-20,2025-01-20T09:33,2025-01-20T18:13,0.0,,-4.0,,0.0,7.2,1.0,-2.3,-2.1,-5.2
2025-01-21,2025-01-21T09:32,2025-01-21T18:15,9718.77,,-3.5,,0.0,9.6,2.6,-2.0,-0.2,-5.6
2025-01-22,2025-01-22T09:31,2025-01-22T18:17,0.0,,0.3,,8.7,14.8,5.9,1.5,2.8,-2.5
2025-01-23,2025-01-23T09:30,2025-01-23T18:18,3600.0,,0.8,,6.7,28.0,6.3,3.4,1.8,-0.3
2025-01-24,2025-01-24T09:29,2025-01-24T18:20,0.0,,3.4,,10.6,32.4,8.9,5.5,6.2,1.1
2025-01-25,2025-01-25T09:27,2025-01-25T18:22,919.48,,5.0,,18.0,26.3,10.4,4.6,7.0,2.0
2025-01-26,2025-01-26T09:26,2025-01-26T18:23,16085.25,,-0.1,,5.5,28.1,8.8,0.2,3.9,-3.6
2025-01-27,2025-01-27T09:25,2025-01-27T18:25,27904.26,,4.7,,2.8,34.4,10.9,7.5,6.2,2.9
2025-01-28,2025-01-28T09:24,2025-01-28T18:27,676.21,,3.1,,0.1,25.6,9.1,6.9,4.8,1.8
2025-01-29,2025-01-29T09:22,2025-01-29T18:28,21992.82,,3.4,,5.1,24.5,8.8,5.4,5.5,1.4
2025-01-30,2025-01-30T09:21,2025-01-30T18:30,2924.86,,3.1,,12.1,13.6,7.0,2.2,5.4,-0.9
2025-01-31,2025-01-31T09:19,2025-01-31T18:32,6943.08,,-0.4,,0.0,11.7,6.1,0.7,3.4,-3.0
2025-02-01,2025-02-01T09:18,2025-02-01T18:34,28710.61,,-1.4,,0.0,11.3,5.7,-0.6,2.9,-4.0
2025-02-02,2025-02-02T09:16,2025-02-02T18:35,28918.57,,-2.3,,0.0,9.1,5.7,-2.1,3.1,-5.6
2025-02-03,2025-02-03T09:15,2025-02-03T18:37,29005.17,,-1.5,,0.0,10.4,5.7,-0.9,2.7,-4.5
2025-02-04,2025-02-04T09:13,2025-02-04T18:39,25234.06,,-2.0,,0.0,16.7,4.0,0.8,0.2,-3.6
2025-02-05,2025-02-05T09:11,2025-02-05T18:41,14859.8,,0.6,,0.0,16.5,7.8,1.3,5.4,-3.3
2025-02-06,2025-02-06T09:10,2025-02-06T18:43,19685.27,,0.6,,0.3,18.2,6.4,-0.1,2.1,-2.8
2025-02-07,2025-02-07T09:08,2025-02-07T18:44,519.35,,-1.2,,0.0,23.4,5.1,2.1,0.4,-2.3
2025-02-08,2025-02-08T09:06,2025-02-08T18:46,25200.0,,3.2,,0.0,15.1,10.9,2.7,8.2,-1.6
2025-02-09,2025-02-09T09:05,2025-02-09T18:48,0.0,,2.5,,1.5,7.8,6.0,3.2,4.1,1.1
2025-02-10,2025-02-10T09:03,2025-02-10T18:50,3099.87,,-0.8,,2.5,17.1,4.6,0.8,2.1,-3.1
2025-02-11,2025-02-11T09:01,2025-02-11T18:52,0.0,,-0.2,,13.1,16.6,4.8,1.1,1.3,-2.9
2025-02-12,2025-02-12T08:59,2025-02-12T18:53,3856.18,,1.0,,0.4,8.5,5.4,2.3,2.9,-0.7
2025-02-13,2025-02-13T08:57,2025-02-13T18:55,0.0,,-1.5,,0.4,11.6,2.7,0.3,0.0,-2.9
2025-02-14,2025-02-14T08:56,2025-02-14T18:57,16477.86,,-3.7,,0.0,10.7,2.2,-2.0,-1.7,-5.4
2025-02-15,2025-02-15T08:54,2025-02-15T18:59,21558.64,,-3.2,,0.0,11.1,3.7,-2.0,0.1,-6.0
2025-02-16,2025-02-16T08:52,2025-02-16T19:00,19622.05,,-3.8,,0.0,16.2,2.9,-0.8,-2.0,-5.3
2025-02-17,2025-02-17T08:50,2025-02-17T19:02,32648.29,,-4.6,,0.0,11.8,3.6,-3.3,-0.6,-7.4
2025-02-18,2025-02-18T08:48,2025-02-18T19:04,32883.83,,-4.8,,0.0,15.0,4.4,-3.0,-0.6,-7.4
2025-02-19,2025-02-19T08:46,2025-02-19T19:06,24050.9,,-1.5,,0.0,13.5,7.4,-1.2,4.2,-6.3
2025-02-20,2025-02-20T08:44,2025-02-20T19:07,2546.29,,5.1,,0.0,18.7,11.5,4.6,9.1,0.9
2025-02-21,2025-02-21T08:42,2025-02-21T19:09,27502.72,,11.0,,0.4,19.4,17.7,10.9,15.6,8.4
2025-02-22,2025-02-22T08:40,2025-02-22T19:11,7200.0,,8.5,,2.1,22.1,13.4,8.4,10.2,5.7
2025-02-23,2025-02-23T08:38,2025-02-23T19:13,34081.72,,6.8,,0.0,19.7,14.0,6.0,10.6,3.0
2025-02-24,2025-02-24T08:36,2025-02-24T19:14,2118.1,,7.2,,1.4,25.6,12.1,8.8,8.7,6.0
2025-02-25,2025-02-25T08:34,2025-02-25T19:16,6312.76,,6.3,,2.9,14.5,12.1,6.3,10.4,3.6
2025-02-26,2025-02-26T08:32,2025-02-26T19:18,24855.25,,3.4,,6.8,25.3,9.9,3.4,5.2,0.3
2025-02-27,2025-02-27T08:30,2025-02-27T19:20,28639.26,,1.5,,3.1,18.9,7.3,2.8,3.3,-0.9
2025-02-28,2025-02-28T08:28,2025-02-28T19:21,29774.45,,2.0,,0.7,17.5,7.7,3.8,4.5,0.6
2025-03-01,2025-03-01T08:26,2025-03-01T19:23,2891.41,,-0.3,,0.0,12.2,6.4,0.7,2.7,-2.6
2025-03-02,2025-03-02T08:23,2025-03-02T19:25,35591.61,,0.6,,0.0,8.6,8.4,-0.2,5.4,-3.6
2025-03-03,2025-03-03T08:21,2025-03-03T19:27,35706.94,,1.8,,0.0,7.9,10.2,-0.5,7.9,-3.9
2025-03-04,2025-03-04T08:19,2025-03-04T19:28,35806.64,,3.0,,0.0,10.3,11.7,0.2,9.4,-2.8
2025-03-05,2025-03-05T08:17,2025-03-05T19:30,36075.46,,5.4,,0.0,10.7,15.0,1.9,13.3,-1.6
2025-03-06,2025-03-06T08:15,2025-03-06T19:32,36180.93,,7.0,,0.0,14.2,16.3,5.9,13.3,2.2
2025-03-07,2025-03-07T08:13,2025-03-07T19:33,36270.83,,8.5,,0.0,14.3,17.0,7.3,14.5,4.0
2025-03-08,2025-03-08T08:11,2025-03-08T19:35,36115.64,,9.1,,0.0,12.6,18.4,7.5,15.4,4.0
2025-03-09,2025-03-09T08:09,2025-03-09T19:37,36584.45,,9.0,,0.0,11.2,18.2,5.9,15.9,2.7
2025-03-10,2025-03-10T08:06,2025-03-10T19:38,36616.5,,8.7,,0.0,8.9,16.0,5.7,14.8,2.9
2025-03-11,2025-03-11T08:04,2025-03-11T19:40,310.44,,3.4,,0.3,13.4,8.7,3.5,7.5,0.5
2025-03-12,2025-03-12T08:02,2025-03-12T19:42,33377.74,,1.2,,1.6,9.1,8.2,1.0,5.4,-2.0
2025-03-13,2025-03-13T08:00,2025-03-13T19:43,37055.59,,0.3,,1.3,8.8,7.1,-0.2,3.9,-2.9
2025-03-14,2025-03-14T07:58,2025-03-14T19:45,29817.2,,-0.5,,0.0,13.0,6.4,-1.2,2.4,-4.3
2025-03-15,2025-03-15T07:55,2025-03-15T19:47,29881.83,,-1.6,,0.0,18.7,6.3,-1.1,1.5,-5.4
2025-03-16,2025-03-16T07:53,2025-03-16T19:48,38436.91,,0.3,,0.0,16.2,9.4,0.5,5.1,-3.7
2025-03-17,2025-03-17T07:51,2025-03-17T19:50,28435.56,,1.6,,0.1,16.8,8.9,2.4,4.5,-1.0
2025-03-18,2025-03-18T07:49,2025-03-18T19:52,39252.23,,0.4,,0.0,16.3,10.8,-0.8,6.3,-5.3
2025-03-19,2025-03-19T07:46,2025-03-19T19:53,39316.39,,6.3,,0.0,12.1,17.0,3.4,14.6,-0.6
2025-03-20,2025-03-20T07:44,2025-03-20T19:55,39594.96,,9.5,,0.0,11.5,18.1,5.8,16.8,2.7
2025-03-21,2025-03-21T07:42,2025-03-21T19:57,35137.5,,10.9,,0.0,17.3,20.3,7.5,17.3,4.6
2025-03-22,2025-03-22T07:39,2025-03-22T19:58,25748.19,,12.1,,0.1,16.3,16.6,12.0,15.6,9.6
2025-03-23,2025-03-23T07:37,2025-03-23T20:00,36349.59,,10.2,,0.0,14.0,15.4,9.1,12.6,7.1
2025-03-24,2025-03-24T07:35,2025-03-24T20:02,40636.68,,9.0,,0.1,12.3,15.8,6.7,14.1,4.3
2025-03-25,2025-03-25T07:33,2025-03-25T20:03,29901.65,,6.5,,0.1,13.0,14.0,4.6,11.2,2.6
2025-03-26,2025-03-26T07:31,2025-03-26T20:05,30804.92,,6.9,,0.8,13.7,11.4,6.8,8.9,4.4
2025-03-27,2025-03-27T07:28,2025-03-27T20:07,41683.74,,7.0,,0.0,6.2,14.2,2.8,13.1,0.7
2025-03-28,2025-03-28T07:26,2025-03-28T20:08,27766.69,,5.4,,4.8,13.4,12.2,3.3,10.1,0.5
2025-03-29,2025-03-29T07:24,2025-03-29T20:10,41935.41,,5.6,,1.4,13.4,12.0,5.1,8.5,2.2
2025-03-30,2025-03-30T07:22,2025-03-30T20:11,30414.83,,5.4,,0.5,23.0,12.6,5.1,8.5,1.0
2025-03-31,2025-03-31T07:20,2025-03-31T20:13,42127.54,,5.9,,0.0,12.6,12.9,4.9,9.9,2.2
2025-04-01,2025-04-01T07:17,2025-04-01T20:15,42270.86,,4.6,,0.0,23.3,13.7,3.3,8.6,-0.1
2025-04-02,2025-04-02T07:15,2025-04-02T20:16,42319.15,,7.1,,0.0,27.6,17.1,6.0,12.3,1.8
2025-04-03,2025-04-03T07:13,2025-04-03T20:18,42528.24,,11.4,,0.0,17.8,20.3,8.8,17.9,5.3
2025-04-04,2025-04-04T07:11,2025-04-04T20:20,42966.08,,13.2,,0.0,14.6,23.2,9.1,19.8,6.3
2025-04-05,2025-04-05T07:08,2025-04-05T20:21,43184.07,,10.8,,0.0,17.2,19.7,9.4,17.1,6.3
2025-04-06,2025-04-06T07:06,2025-04-06T20:23,43514.95,,5.7,,0.0,16.6,14.2,6.9,9.6,2.2
2025-04-07,2025-04-07T07:04,2025-04-07T20:24,43870.19,,4.9,,0.0,11.5,14.2,3.1,10.5,-1.0
2025-04-08,2025-04-08T07:02,2025-04-08T20:26,44130.46,,7.8,,0.0,12.5,17.4,4.3,14.3,0.5
2025-04-09,2025-04-09T07:00,2025-04-09T20:28,42193.7,,7.1,,0.0,14.0,15.2,4.8,12.8,2.0
2025-04-10,2025-04-10T06:57,2025-04-10T20:29,32152.67,,6.7,,0.0,12.3,14.1,6.2,11.5,3.1
2025-04-11,2025-04-11T06:55,2025-04-11T20:31,45056.21,,9.0,,0.0,7.8,18.3,3.2,16.6,1.1
2025-04-12,2025-04-12T06:53,2025-04-12T20:33,45210.02,,13.3,,0.0,18.4,24.8,7.8,21.3,4.6
2025-04-13,2025-04-13T06:51,2025-04-13T20:34,21795.17,,11.9,,2.4,19.9,17.3,11.7,14.5,10.2
2025-04-14,2025-04-14T06:49,2025-04-14T20:36,40915.17,,11.4,,0.1,12.1,18.4,8.8,16.4,6.6
2025-04-15,2025-04-15T06:47,2025-04-15T20:37,38940.67,,13.1,,0.1,18.9,18.9,12.4,17.0,9.7
2025-04-16,2025-04-16T06:45,2025-04-16T20:39,0.0,,8.7,,0.0,13.6,13.0,9.3,11.2,6.5
2025-04-17,2025-04-17T06:43,2025-04-17T20:41,3998.03,,8.3,,0.8,7.3,13.1,8.0,10.7,6.4
2025-04-18,2025-04-18T06:41,2025-04-18T20:42,38827.52,,9.0,,0.0,13.4,16.3,6.8,14.6,4.9
2025-04-19,2025-04-19T06:39,2025-04-19T20:44,38532.09,,9.1,,0.0,14.9,17.5,6.7,14.7,3.9
2025-04-20,2025-04-20T06:37,2025-04-20T20:46,34637.02,,10.2,,2.5,13.9,17.6,7.1,16.8,4.2
2025-04-21,2025-04-21T06:35,2025-04-21T20:47,33125.56,,10.5,,1.7,12.2,15.9,8.0,15.1,6.0
2025-04-22,2025-04-22T06:33,2025-04-22T20:49,43903.52,,10.9,,0.0,11.6,16.6,8.2,14.5,6.3
2025-04-23,2025-04-23T06:31,2025-04-23T20:50,15725.43,,9.9,,3.0,10.0,12.8,10.0,11.2,8.0
2025-04-24,2025-04-24T06:29,2025-04-24T20:52,4743.96,,9.0,,8.5,20.2,14.1,9.1,11.7,7.4
2025-04-25,2025-04-25T06:27,2025-04-25T20:54,41888.87,,9.5,,0.7,14.0,15.7,7.5,14.6,5.6
2025-04-26,2025-04-26T06:25,2025-04-26T20:55,47443.71,,10.1,,0.0,11.7,18.3,5.4,16.2,2.7
2025-04-27,2025-04-27T06:23,2025-04-27T20:57,47460.83,,13.7,,0.0,8.3,20.6,8.6,20.1,6.9
2025-04-28,2025-04-28T06:21,2025-04-28T20:59,47956.4,,14.2,,0.0,12.0,21.5,9.0,20.3,7.6
2025-04-29,2025-04-29T06:19,2025-04-29T21:00,47988.51,,15.3,,0.0,11.2,24.2,10.0,22.0,7.7
2025-04-30,2025-04-30T06:17,2025-04-30T21:02,48408.02,,18.1,,0.0,10.2,26.5,11.6,25.5,10.0
2025-05-01,2025-05-01T06:15,2025-05-01T21:03,46800.0,,20.6,,0.0,14.9,29.5,13.0,27.4,11.6
2025-05-02,2025-05-02T06:13,2025-05-02T21:05,48346.61,,20.9,,0.0,13.0,27.5,17.3,26.7,15.1
2025-05-03,2025-05-03T06:12,2025-05-03T21:07,24333.93,,14.6,,1.9,17.7,21.5,11.1,21.2,8.2
2025-05-04,2025-05-04T06:10,2025-05-04T21:08,46418.47,,8.0,,0.8,18.4,14.2,9.1,11.2,6.1
2025-05-05,2025-05-05T06:08,2025-05-05T21:10,34536.61,,6.3,,0.0,19.1,13.9,5.0,9.9,2.0
2025-05-06,2025-05-06T06:06,2025-05-06T21:11,41242.52,,7.3,,0.0,18.9,16.8,5.7,12.9,2.1
2025-05-07,2025-05-07T06:05,2025-05-07T21:13,14724.26,,8.6,,0.0,15.7,15.5,8.3,12.0,4.8
2025-05-08,2025-05-08T06:03,2025-05-08T21:14,47744.16,,10.6,,0.0,18.6,19.6,7.5,15.1,5.3
2025-05-09,2025-05-09T06:01,2025-05-09T21:16,50044.83,,10.6,,0.0,18.6,19.6,8.2,15.3,4.5
2025-05-10,2025-05-10T06:00,2025-05-10T21:17,50266.8,,13.1,,0.0,16.8,21.9,9.0,19.1,6.0
2025-05-11,2025-05-11T05:58,2025-05-11T21:19,50615.97,,16.0,,0.0,15.5,25.7,11.0,23.5,7.7
2025-05-12,2025-05-12T05:57,2025-05-12T21:20,50469.46,,17.6,,0.1,11.9,25.3,14.1,23.4,11.7
2025-05-13,2025-05-13T05:55,2025-05-13T21:22,50842.6,,18.2,,0.0,11.1,25.0,12.6,23.9,12.1
2025-05-14,2025-05-14T05:54,2025-05-14T21:23,51352.19,,15.7,,0.0,18.4,24.6,12.5,23.4,9.6
2025-05-15,2025-05-15T05:52,2025-05-15T21:25,23160.04,,10.8,,0.0,18.2,17.7,9.9,14.8,7.4
2025-05-16,2025-05-16T05:51,2025-05-16T21:26,50866.23,,10.2,,0.0,18.1,18.5,7.8,16.9,5.1
2025-05-17,2025-05-17T05:50,2025-05-17T21:28,43743.34,,11.8,,0.1,16.4,19.9,10.8,16.6,9.2
2025-05-18,2025-05-18T05:48,2025-05-18T21:29,13812.83,,10.9,,0.3,13.4,16.5,10.3,14.8,7.9
2025-05-19,2025-05-19T05:47,2025-05-19T21:31,52218.55,,14.0,,0.0,13.1,22.2,9.6,19.1,7.9
2025-05-20,2025-05-20T05:46,2025-05-20T21:32,51447.17,,15.1,,0.0,18.3,23.5,11.7,22.4,9.8
2025-05-21,2025-05-21T05:44,2025-05-21T21:33,30592.01,,12.2,,0.2,16.1,20.2,9.6,18.8,8.3
2025-05-22,2025-05-22T05:43,2025-05-22T21:35,29910.62,,8.7,,0.4,16.7,15.0,10.2,11.0,7.0
2025-05-23,2025-05-23T05:42,2025-05-23T21:36,50087.36,,7.7,,0.5,18.7,14.5,6.1,11.0,3.1
2025-05-24,2025-05-24T05:41,2025-05-24T21:37,0.0,,9.4,,6.6,23.0,15.9,9.1,14.6,5.2
2025-05-25,2025-05-25T05:40,2025-05-25T21:39,32245.71,,14.3,,3.2,28.2,19.8,14.2,17.0,11.7
2025-05-26,2025-05-26T05:39,2025-05-26T21:40,48763.78,,11.7,,0.9,22.0,18.3,11.5,14.4,9.1
2025-05-27,2025-05-27T05:38,2025-05-27T21:41,3002.08,,11.8,,10.9,27.1,16.9,12.5,14.1,9.5
2025-05-28,2025-05-28T05:37,2025-05-28T21:42,40016.36,,13.9,,9.2,26.0,18.9,14.0,16.4,11.5
2025-05-29,2025-05-29T05:36,2025-05-29T21:43,5626.78,,14.0,,0.5,23.3,18.4,12.0,17.9,10.7
2025-05-30,2025-05-30T05:35,2025-05-30T21:44,49915.61,,19.1,,0.3,18.9,24.8,14.0,25.2,13.0
2025-05-31,2025-05-31T05:34,2025-05-31T21:45,35647.02,,21.1,,7.7,16.0,25.7,14.7,28.9,16.2
2025-06-01,2025-06-01T05:34,2025-06-01T21:46,30651.79,,15.7,,0.4,19.5,20.0,13.5,18.6,12.4
2025-06-02,2025-06-02T05:33,2025-06-02T21:48,53280.94,,13.5,,0.9,13.8,19.0,10.4,18.4,8.2
2025-06-03,2025-06-03T05:32,2025-06-03T21:49,53315.33,,14.9,,0.0,23.5,23.3,10.3,19.4,8.3
2025-06-04,2025-06-04T05:32,2025-06-04T21:50,23627.25,,14.4,,1.1,17.2,19.3,14.5,16.3,12.9
2025-06-05,2025-06-05T05:31,2025-06-05T21:50,19211.93,,13.0,,6.3,25.5,18.5,12.6,15.4,10.8
2025-06-06,2025-06-06T05:30,2025-06-06T21:51,49895.77,,13.6,,6.1,24.3,19.2,12.9,16.8,10.6
2025-06-07,2025-06-07T05:30,2025-06-07T21:52,32472.33,,12.5,,6.6,24.7,17.5,12.2,15.3,10.2
2025-06-08,2025-06-08T05:30,2025-06-08T21:53,51587.45,,10.5,,1.9,25.4,15.7,11.2,12.5,7.9
2025-06-09,2025-06-09T05:29,2025-06-09T21:54,42059.42,,12.3,,0.0,15.2,18.0,9.2,16.5,6.9
2025-06-10,2025-06-10T05:29,2025-06-10T21:55,25211.7,,14.0,,0.7,21.3,18.8,12.2,17.1,10.1
2025-06-11,2025-06-11T05:29,2025-06-11T21:55,53815.15,,15.6,,0.0,13.6,21.5,10.4,21.2,9.4
2025-06-12,2025-06-12T05:28,2025-06-12T21:56,53644.91,,21.6,,0.0,15.8,31.0,12.8,31.1,11.1
2025-06-13,2025-06-13T05:28,2025-06-13T21:57,47724.13,,27.4,,0.0,13.5,32.9,19.3,35.0,20.0
2025-06-14,2025-06-14T05:28,2025-06-14T21:57,47196.46,,25.6,,0.5,16.2,28.3,20.1,29.3,19.1
2025-06-15,2025-06-15T05:28,2025-06-15T21:58,43607.08,,17.9,,6.8,16.5,23.2,16.0,21.4,15.1
2025-06-16,2025-06-16T05:28,2025-06-16T21:58,52863.82,,18.8,,0.0,12.5,25.5,13.1,24.3,12.3
2025-06-17,2025-06-17T05:28,2025-06-17T21:58,53288.4,,21.3,,0.0,10.8,27.3,14.0,27.3,14.1
2025-06-18,2025-06-18T05:28,2025-06-18T21:59,53866.86,,21.0,,0.0,15.2,27.5,14.7,27.8,14.5
2025-06-19,2025-06-19T05:28,2025-06-19T21:59,53966.35,,21.3,,0.0,14.9,28.1,15.5,27.6,15.2
2025-06-20,2025-06-20T05:28,2025-06-20T21:59,50380.89,,21.1,,0.0,13.7,28.0,16.2,26.7,15.2
2025-06-21,2025-06-21T05:28,2025-06-21T22:00,54161.21,,24.1,,0.0,11.9,31.7,16.2,31.4,14.6
2025-06-22,2025-06-22T05:29,2025-06-22T22:00,48487.08,,23.8,,0.5,20.1,27.8,21.0,28.5,19.3
2025-06-23,2025-06-23T05:29,2025-06-23T22:00,29049.29,,17.3,,1.1,26.2,22.8,17.6,20.7,15.1
2025-06-24,2025-06-24T05:29,2025-06-24T22:00,27058.75,,16.5,,0.4,23.8,23.1,12.8,22.4,10.7
2025-06-25,2025-06-25T05:30,2025-06-25T22:00,53441.91,,23.7,,0.2,15.7,29.0,16.6,30.6,16.6
2025-06-26,2025-06-26T05:30,2025-06-26T22:00,38473.04,,21.3,,10.0,26.5,24.8,19.0,26.8,17.3
2025-06-27,2025-06-27T05:31,2025-06-27T22:00,33128.75,,18.1,,1.0,16.5,23.9,15.4,24.0,14.0
2025-06-28,2025-06-28T05:31,2025-06-28T22:00,36286.9,,21.6,,0.3,19.1,24.4,17.3,25.2,17.3
2025-06-29,2025-06-29T05:32,2025-06-29T22:00,49651.45,,24.2,,0.0,14.0,28.4,16.9,30.1,17.9
2025-06-30,2025-06-30T05:33,2025-06-30T21:59,53827.71,,27.3,,0.0,9.7,32.8,18.1,34.6,18.9
2025-07-01,2025-07-01T05:33,2025-07-01T21:59,53683.32,,31.2,,0.0,11.2,36.4,22.0,36.7,23.1
2025-07-02,2025-07-02T05:34,2025-07-02T21:59,48493.49,,27.8,,3.8,21.9,33.6,19.1,36.6,19.3
2025-07-03,2025-07-03T05:35,2025-07-03T21:58,53703.41,,17.6,,0.1,15.7,22.2,14.9,21.8,14.0
2025-07-04,2025-07-04T05:35,2025-07-04T21:58,53555.48,,18.5,,0.0,10.1,25.8,11.9,25.2,11.2
2025-07-05,2025-07-05T05:36,2025-07-05T21:58,44522.23,,17.8,,1.1,21.4,25.4,15.1,23.2,12.3
2025-07-06,2025-07-06T05:37,2025-07-06T21:57,603.47,,16.9,,11.4,19.9,18.7,15.9,19.0,15.3
2025-07-07,2025-07-07T05:38,2025-07-07T21:56,33177.57,,15.1,,5.1,21.9,18.7,13.5,17.2,12.3
2025-07-08,2025-07-08T05:39,2025-07-08T21:56,50868.42,,13.3,,2.4,18.7,18.3,12.0,16.7,10.2
2025-07-09,2025-07-09T05:40,2025-07-09T21:55,53202.48,,17.0,,0.0,10.7,23.3,11.6,22.9,10.1
2025-07-10,2025-07-10T05:41,2025-07-10T21:54,53055.38,,20.0,,0.0,11.5,25.9,12.8,26.1,12.6
2025-07-11,2025-07-11T05:42,2025-07-11T21:54,52911.38,,21.0,,0.0,14.6,27.0,15.3,26.2,15.2
2025-07-12,2025-07-12T05:43,2025-07-12T21:53,52935.5,,21.3,,0.0,14.9,26.8,15.9,26.5,16.6
2025-07-13,2025-07-13T05:44,2025-07-13T21:52,43743.01,,21.3,,0.0,10.7,26.1,15.7,26.9,16.6
2025-07-14,2025-07-14T05:45,2025-07-14T21:51,42122.37,,21.2,,0.3,18.8,25.4,17.0,24.6,17.8
2025-07-15,2025-07-15T05:46,2025-07-15T21:50,52373.45,,17.4,,0.3,20.8,22.8,16.2,20.0,14.8
2025-07-16,2025-07-16T05:47,2025-07-16T21:49,48323.18,,17.2,,0.7,22.9,22.9,16.0,20.5,14.5
2025-07-17,2025-07-17T05:49,2025-07-17T21:48,52412.95,,20.1,,0.0,13.2,27.5,13.2,25.7,13.6
2025-07-18,2025-07-18T05:50,2025-07-18T21:47,44282.55,,24.2,,0.0,9.4,28.6,18.9,28.9,18.3
2025-07-19,2025-07-19T05:51,2025-07-19T21:46,41973.03,,24.1,,1.1,19.9,30.7,19.7,30.0,19.0
2025-07-20,2025-07-20T05:52,2025-07-20T21:45,36935.76,,21.5,,8.1,17.6,24.4,17.6,24.4,17.9
2025-07-21,2025-07-21T05:54,2025-07-21T21:43,47879.41,,17.7,,14.7,23.5,21.5,16.1,21.3,15.6
2025-07-22,2025-07-22T05:55,2025-07-22T21:42,49268.83,,17.3,,2.7,17.8,22.3,14.2,21.5,13.2
2025-07-23,2025-07-23T05:56,2025-07-23T21:41,47788.02,,18.2,,1.2,13.9,22.0,14.5,22.5,13.6
2025-07-24,2025-07-24T05:58,2025-07-24T21:40,49224.89,,20.2,,0.9,9.6,23.4,15.3,25.4,15.7
2025-07-25,2025-07-25T05:59,2025-07-25T21:38,50969.41,,20.7,,1.3,14.4,23.6,15.8,25.5,16.6
2025-07-26,2025-07-26T06:00,2025-07-26T21:37,43488.97,,20.6,,0.3,15.3,25.1,15.4,24.4,16.2
2025-07-27,2025-07-27T06:02,2025-07-27T21:36,27987.06,,18.4,,6.8,13.1,20.7,16.5,20.9,16.1
2025-07-28,2025-07-28T06:03,2025-07-28T21:34,45580.95,,16.5,,0.8,15.7,20.2,14.2,19.9,13.4
2025-07-29,2025-07-29T06:05,2025-07-29T21:33,48192.22,,17.5,,2.2,16.3,21.4,14.3,22.4,13.8
2025-07-30,2025-07-30T06:06,2025-07-30T21:31,48580.25,,17.3,,0.7,15.2,21.5,14.7,21.1,14.2
2025-07-31,2025-07-31T06:08,2025-07-31T21:30,32597.53,,18.1,,14.2,16.2,22.9,15.6,22.6,15.1
2025-08-01,2025-08-01T06:09,2025-08-01T21:28,46667.23,,17.2,,1.9,18.6,20.6,15.0,20.1,15.0
2025-08-02,2025-08-02T06:10,2025-08-02T21:26,37204.32,,14.8,,2.4,19.8,18.9,13.2,17.6,11.7
2025-08-03,2025-08-03T06:12,2025-08-03T21:25,43670.29,,16.4,,0.0,19.4,22.5,12.8,20.3,11.0
2025-08-04,2025-08-04T06:13,2025-08-04T21:23,29541.66,,20.7,,4.5,22.5,24.1,17.6,23.4,18.0
2025-08-05,2025-08-05T06:15,2025-08-05T21:21,45701.41,,17.7,,1.6,19.7,20.4,15.9,20.1,14.8
2025-08-06,2025-08-06T06:16,2025-08-06T21:20,46800.0,,17.1,,0.0,9.9,22.3,12.3,21.4,11.4
2025-08-07,2025-08-07T06:18,2025-08-07T21:18,49388.59,,19.0,,0.0,15.9,24.9,14.3,23.6,13.2
2025-08-08,2025-08-08T06:19,2025-08-08T21:16,15832.33,,19.8,,0.0,14.9,24.0,17.9,23.5,16.6
2025-08-09,2025-08-09T06:21,2025-08-09T21:14,44022.91,,19.2,,0.0,12.3,24.7,14.1,25.1,13.8
2025-08-10,2025-08-10T06:23,2025-08-10T21:12,49081.88,,20.0,,0.0,12.7,26.6,13.2,26.8,12.6
2025-08-11,2025-08-11T06:24,2025-08-11T21:11,48978.57,,22.0,,0.0,12.5,29.6,15.5,28.4,14.8
